{
  "cluster_labels": {
    "0": 1,
    "1": 0,
    "2": 0,
    "3": 0,
    "4": 0,
    "5": 0,
    "6": 0,
    "7": 0
  },
  "centroids": {
    "0": {
      "NDVI": -0.19705137169139714,
      "B11": 0.8117060175883732,
      "B12": 0.7931254471508729,
      "NDVI_median": -0.24677609816241264,
      "B11_median": 0.9645139817643604,
      "B12_median": 0.9256501398121433,
      "BSI_median": 0.6642447891910239,
      "NDMI_median": -0.6352218601171115,
      "NDVI_var": -0.0012178273640986708,
      "NDMI_var": -0.0005947764907264634,
      "NBR_slope": -0.0025673434336314247
    },
    "1": {
      "NDVI": 0.7174832866102443,
      "B11": -0.3302648211498639,
      "B12": -0.36292332839468944,
      "NDVI_median": 0.4835409273367468,
      "B11_median": -0.16770261020624214,
      "B12_median": -0.1990339643450298,
      "BSI_median": -0.3836020146254171,
      "NDMI_median": 0.2546245213263554,
      "NDVI_var": 0.004967661689343619,
      "NDMI_var": 0.0022090157494541584,
      "NBR_slope": 0.03603271266048921
    },
    "2": {
      "NDVI": -0.6881620123660651,
      "B11": -1.2781160537969873,
      "B12": -0.9665942090646805,
      "NDVI_median": -0.6014860097742858,
      "B11_median": -1.3636721213146539,
      "B12_median": -0.9637410014247716,
      "BSI_median": -0.5524997225316602,
      "NDMI_median": 0.47359143231608364,
      "NDVI_var": 0.006551638570106303,
      "NDMI_var": 0.013022917266079272,
      "NBR_slope": 0.007612525736984313
    },
    "3": {
      "NDVI": -0.36479728385533344,
      "B11": -0.00551991385324721,
      "B12": 0.17859681736421235,
      "NDVI_median": -0.35733437538763263,
      "B11_median": 0.05560472841669893,
      "B12_median": 0.24841080582515335,
      "BSI_median": 0.17052632113418276,
      "NDMI_median": -0.019782472948411674,
      "NDVI_var": -0.0011430908937480229,
      "NDMI_var": 0.00019378577971976806,
      "NBR_slope": 0.015274867828671823
    },
    "4": {
      "NDVI": 0.35607620355257746,
      "B11": 0.4332583277936776,
      "B12": 0.34331037547484494,
      "NDVI_median": 0.31635786689762124,
      "B11_median": 0.45490697873478264,
      "B12_median": 0.35215547532647107,
      "BSI_median": 0.09097802127895228,
      "NDMI_median": -0.17266004086502088,
      "NDVI_var": 0.002864090426967897,
      "NDMI_var": 0.001352238143655969,
      "NBR_slope": -0.011234249961610612
    },
    "5": {
      "NDVI": 1.2992984723448022,
      "B11": -0.46155070589882796,
      "B12": -0.5834691832009815,
      "NDVI_median": 1.1472403854558144,
      "B11_median": -0.5022530440906143,
      "B12_median": -0.601434294583056,
      "BSI_median": -1.4707941016465094,
      "NDMI_median": 1.2671349558895038,
      "NDVI_var": 0.012170268241362452,
      "NDMI_var": 0.0038479567877336904,
      "NBR_slope": 0.056095549576619094
    },
    "6": {
      "NDVI": 0.45227532479773563,
      "B11": 0.4630847265175614,
      "B12": 0.30618404003837707,
      "NDVI_median": 0.9781118665581472,
      "B11_median": -0.14415752968640688,
      "B12_median": -0.29329210478655965,
      "BSI_median": -0.9509659655573967,
      "NDMI_median": 0.8314806870088072,
      "NDVI_var": 0.011205131900884542,
      "NDMI_var": 0.006251567530875501,
      "NBR_slope": -0.07360271170527521
    },
    "7": {
      "NDVI": -0.7845984940409824,
      "B11": -0.761250961460239,
      "B12": -0.5400299054412049,
      "NDVI_median": -0.7382648095383137,
      "B11_median": -0.9185160996932116,
      "B12_median": -0.605059804559352,
      "BSI_median": 0.624343502675259,
      "NDMI_median": -1.3468888694254637,
      "NDVI_var": 0.004493534981289887,
      "NDMI_var": 0.01623098667679388,
      "NBR_slope": 0.0014574029090624729
    }
  },
  "excavated_metacluster": 0,
  "metacluster_stats": {
    "0": {
      "excavation_score": 1.5199919546349066
    },
    "1": {
      "excavation_score": -2.825849928992195
    }
  }
}