{
  "cluster_labels": {
    "0": 0,
    "1": 1,
    "2": 0,
    "3": 0,
    "4": 0,
    "5": 0,
    "6": 0,
    "7": 0
  },
  "centroids": {
    "0": {
      "NDVI": 0.04878502111069333,
      "B11": -1.1632824143557297,
      "B12": -1.0134603855770719,
      "NDVI_median": 0.13903595725525872,
      "B11_median": -1.3175285442763247,
      "B12_median": -1.1315752214984311,
      "BSI_median": -1.111772606911285,
      "NDMI_median": 0.830728821126478,
      "NDVI_var": 0.0011806131029693154,
      "NDMI_var": 0.003079073006493659,
      "NBR_slope": -0.029364739074233245
    },
    "1": {
      "NDVI": -0.1880882211477014,
      "B11": 1.0432633604563686,
      "B12": 1.1231146515736254,
      "NDVI_median": -0.16272910833293686,
      "B11_median": 1.016352582449847,
      "B12_median": 1.1200923209594,
      "BSI_median": 0.33886846253676317,
      "NDMI_median": -0.3137841279971513,
      "NDVI_var": -0.00017116010572834628,
      "NDMI_var": 0.00020171480774035916,
      "NBR_slope": 0.0007550508345718146
    },
    "2": {
      "NDVI": 1.7599116562420094,
      "B11": -0.4245938106205733,
      "B12": -0.5760672120382596,
      "NDVI_median": 1.7656449956965359,
      "B11_median": -0.4562257558455502,
      "B12_median": -0.6795639735299144,
      "BSI_median": -1.5658480780517405,
      "NDMI_median": 1.363357847766342,
      "NDVI_var": 0.004735193289978542,
      "NDMI_var": 0.002593440630942568,
      "NBR_slope": -0.015164777948466381
    },
    "3": {
      "NDVI": -0.16587683523899638,
      "B11": -0.11110509988914623,
      "B12": -0.03109576306991694,
      "NDVI_median": -0.09420219344471192,
      "B11_median": -0.18400098629168138,
      "B12_median": -0.07518993580611479,
      "BSI_median": -0.21880745844998045,
      "NDMI_median": 0.2572064198976534,
      "NDVI_var": 0.00017412473438977848,
      "NDMI_var": 0.0008218239064956613,
      "NBR_slope": -0.002656741097972043
    },
    "4": {
      "NDVI": -0.1553123701432989,
      "B11": 0.23805559777791552,
      "B12": 0.29603946374235895,
      "NDVI_median": -0.13238981560577318,
      "B11_median": 0.2937945702686238,
      "B12_median": 0.36430917154539716,
      "BSI_median": 0.4846827139612818,
      "NDMI_median": -0.4855088920197306,
      "NDVI_var": 9.191374964998109e-05,
      "NDMI_var": 0.0005009717131527634,
      "NBR_slope": 0.0033403799660186913
    },
    "5": {
      "NDVI": 3.224793662427142,
      "B11": -0.47583478280490193,
      "B12": -0.8104342429406903,
      "NDVI_median": 2.7817718599624888,
      "B11_median": -0.506985680344421,
      "B12_median": -0.9624644283014456,
      "BSI_median": -3.1400174147605573,
      "NDMI_median": 2.5768620810263445,
      "NDVI_var": 0.006585146645208359,
      "NDMI_var": 0.0018401193135766801,
      "NBR_slope": -0.0016702878618310773
    },
    "6": {
      "NDVI": 1.067511525146449,
      "B11": 0.07294433373058995,
      "B12": -0.04973058118928338,
      "NDVI_median": 0.9247726346773881,
      "B11_median": 0.08985282898166293,
      "B12_median": -0.05654784725899592,
      "BSI_median": -0.3061401788401557,
      "NDMI_median": 0.319564681961351,
      "NDVI_var": 0.0025664430545426766,
      "NDMI_var": 0.0012689181603721873,
      "NBR_slope": -0.005643891047779176
    },
    "7": {
      "NDVI": -0.19469321619863456,
      "B11": -0.9387242028413338,
      "B12": -0.7909421287893815,
      "NDVI_median": -0.1900194474542387,
      "B11_median": -0.8403265453035722,
      "B12_median": -0.6348186263489514,
      "BSI_median": 0.2301056659036363,
      "NDMI_median": -0.5389937892358371,
      "NDVI_var": 0.0006367941266744264,
      "NDMI_var": 0.002256028754749676,
      "NBR_slope": -0.008659142712232445
    }
  },
  "excavated_metacluster": 1,
  "metacluster_stats": {
    "0": {
      "excavation_score": -6.159673500919823
    },
    "1": {
      "excavation_score": 0.5106398087533732
    }
  }
}