{
  "cluster_labels": {
    "0": 0,
    "1": 0,
    "2": 1,
    "3": 0,
    "4": 0,
    "5": 0
  },
  "centroids": {
    "0": {
      "NDVI": 2.809061343634423,
      "B11": -0.4169199692189306,
      "B12": -0.7043359267594742,
      "NDVI_median": 2.5162295359249076,
      "B11_median": -0.4597153057520363,
      "B12_median": -0.8517319759451237,
      "BSI_median": -2.5925093436016104,
      "NDMI_median": 2.1578589216742152,
      "NDVI_var": 0.006032200996420231,
      "NDMI_var": 0.002222137097911566,
      "NBR_slope": -0.006946457341521044
    },
    "1": {
      "NDVI": 1.127593026646982,
      "B11": 0.021268735135060682,
      "B12": -0.10460862425417111,
      "NDVI_median": 1.0206173195767108,
      "B11_median": 0.02100973945443764,
      "B12_median": -0.13816172250041867,
      "BSI_median": -0.5177642258274939,
      "NDMI_median": 0.5090735813231345,
      "NDVI_var": 0.00284356625984573,
      "NDMI_var": 0.0015502479298945087,
      "NBR_slope": -0.005435489043362429
    },
    "2": {
      "NDVI": -0.17174294797244838,
      "B11": 0.938138353119867,
      "B12": 1.0060866025798891,
      "NDVI_median": -0.14604514952017844,
      "B11_median": 0.9346873755475887,
      "B12_median": 1.0218159555892414,
      "BSI_median": 0.39096175974251823,
      "NDMI_median": -0.36469037256373804,
      "NDVI_var": -0.00012601566021193085,
      "NDMI_var": 0.00021564602861817717,
      "NBR_slope": -0.0005575684997458571
    },
    "3": {
      "NDVI": 0.46026914017879117,
      "B11": -1.0611135229979742,
      "B12": -0.9865274260806407,
      "NDVI_median": 0.5958393697950896,
      "B11_median": -1.2109338482668777,
      "B12_median": -1.1246426615431164,
      "BSI_median": -1.441905625262958,
      "NDMI_median": 1.1628032997643225,
      "NDVI_var": 0.0022628498722364926,
      "NDMI_var": 0.0029990841989733846,
      "NBR_slope": -0.03916903051932779
    },
    "4": {
      "NDVI": -0.13768484757860333,
      "B11": 0.095192050940507,
      "B12": 0.16107512267264137,
      "NDVI_median": -0.11040964627389604,
      "B11_median": 0.12142726314600598,
      "B12_median": 0.20430166950582743,
      "BSI_median": 0.2628875740765445,
      "NDMI_median": -0.2520119678237416,
      "NDVI_var": 0.00016154602615360753,
      "NDMI_var": 0.0006324646168899369,
      "NBR_slope": 0.002530755183696427
    },
    "5": {
      "NDVI": -0.20968077449219258,
      "B11": -0.8679217007362986,
      "B12": -0.717518396643048,
      "NDVI_median": -0.1760461364710792,
      "B11_median": -0.8631873509584469,
      "B12_median": -0.6564486242106938,
      "BSI_median": -0.043048587294616886,
      "NDMI_median": -0.18155674708631822,
      "NDVI_var": 0.0004958857336175927,
      "NDMI_var": 0.001992121893062255,
      "NBR_slope": -0.007128802493749995
    }
  },
  "excavated_metacluster": 1,
  "metacluster_stats": {
    "0": {
      "excavation_score": -6.431930459069792
    },
    "1": {
      "excavation_score": 0.2377945974899373
    }
  }
}