{
  "cluster_labels": {
    "0": 0,
    "1": 1,
    "2": 0,
    "3": 0,
    "4": 0,
    "5": 0,
    "6": 0,
    "7": 0
  },
  "centroids": {
    "0": {
      "NDVI": 0.11495421633437364,
      "B11": -0.06400054733686178,
      "B12": -0.05624382718449618,
      "NDVI_median": 0.07603580053806734,
      "B11_median": -0.11273903690384271,
      "B12_median": -0.09781545150872867,
      "BSI_median": 0.06602418516191139,
      "NDMI_median": -0.214435398145298,
      "NDVI_var": 0.00031251713395939653,
      "NDMI_var": 0.0005515337010109373,
      "NBR_slope": 0.0023790451155590647
    },
    "1": {
      "NDVI": -0.6133910026497513,
      "B11": 0.8823528348801557,
      "B12": 0.8204863395005523,
      "NDVI_median": -0.5978019970531832,
      "B11_median": 0.8321424228453447,
      "B12_median": 0.7688434626881245,
      "BSI_median": 0.3634459501909334,
      "NDMI_median": -0.27018382555136694,
      "NDVI_var": -0.00029881208528031826,
      "NDMI_var": 1.3637164973383199e-05,
      "NBR_slope": 0.012986745181384745
    },
    "2": {
      "NDVI": 1.5166969466991098,
      "B11": -1.1130761220584262,
      "B12": -1.1234957443584772,
      "NDVI_median": 1.5427463423092527,
      "B11_median": -1.0080752399323134,
      "B12_median": -1.0750589705977447,
      "BSI_median": -2.04335129462844,
      "NDMI_median": 1.926416313228178,
      "NDVI_var": 0.004814530966955905,
      "NDMI_var": 0.002675313871212674,
      "NBR_slope": -0.039845843979191775
    },
    "3": {
      "NDVI": 0.420710699838756,
      "B11": -0.3391935565406844,
      "B12": -0.37261261075821883,
      "NDVI_median": 0.4377083336663332,
      "B11_median": -0.4129364486712639,
      "B12_median": -0.4337006905410471,
      "BSI_median": -0.5395610149218724,
      "NDMI_median": 0.48650698055180025,
      "NDVI_var": 0.0016678067740318243,
      "NDMI_var": 0.002131499729925054,
      "NBR_slope": -0.018625807588738497
    },
    "4": {
      "NDVI": 0.8982182705549138,
      "B11": -0.7554284055947705,
      "B12": -0.7793911288236178,
      "NDVI_median": 0.9547525357040707,
      "B11_median": -0.7653346963384724,
      "B12_median": -0.7996522832151238,
      "BSI_median": -1.1908914354137297,
      "NDMI_median": 1.122330220761754,
      "NDVI_var": 0.0032088226375609303,
      "NDMI_var": 0.0025960197774776215,
      "NBR_slope": -0.03107208302104212
    },
    "5": {
      "NDVI": 1.905047149018093,
      "B11": -0.8509486670524796,
      "B12": -1.014043747397113,
      "NDVI_median": 1.2124762105060392,
      "B11_median": -1.8418213803425423,
      "B12_median": -1.6390794355369085,
      "BSI_median": -3.3737517378531012,
      "NDMI_median": 3.231284512173317,
      "NDVI_var": 0.004714264528406919,
      "NDMI_var": 0.005031056818355199,
      "NBR_slope": -0.0033803040744191356
    },
    "6": {
      "NDVI": 0.08723119494134733,
      "B11": -2.205320046080688,
      "B12": -1.6583565794772572,
      "NDVI_median": -0.1472834082358981,
      "B11_median": 0.20428443245905323,
      "B12_median": 0.2143004923942804,
      "BSI_median": -0.09515833214950387,
      "NDMI_median": 0.02847540478753946,
      "NDVI_var": 0.0001317101870622762,
      "NDMI_var": 0.0007354956743337011,
      "NBR_slope": 0.03408207421074998
    },
    "7": {
      "NDVI": -0.29210792321872947,
      "B11": 0.34404708193592176,
      "B12": 0.3301506134892641,
      "NDVI_median": -0.3102651508086045,
      "B11_median": 0.3820135930919437,
      "B12_median": 0.3502860447772137,
      "BSI_median": 0.24681961928109342,
      "NDMI_median": -0.20780784421386123,
      "NDVI_var": -0.00011128867411960494,
      "NDMI_var": 0.0004645370372791095,
      "NBR_slope": 0.004665633893425941
    }
  },
  "excavated_metacluster": 1,
  "metacluster_stats": {
    "0": {
      "excavation_score": -7.25686481233925
    },
    "1": {
      "excavation_score": 0.41872920334001534
    }
  }
}