{
  "cluster_labels": {
    "0": 0,
    "1": 0,
    "2": 0,
    "3": 1,
    "4": 0,
    "5": 0
  },
  "centroids": {
    "0": {
      "NDVI": 0.9143913760208591,
      "B11": -0.7609873720905299,
      "B12": -0.7844226042647549,
      "NDVI_median": 0.9695708408978145,
      "B11_median": -0.762522969954631,
      "B12_median": -0.7985264601153168,
      "BSI_median": -1.2095264119259497,
      "NDMI_median": 1.14268561610575,
      "NDVI_var": 0.003253149934453978,
      "NDMI_var": 0.0026381274259485873,
      "NBR_slope": -0.03228984023035851
    },
    "1": {
      "NDVI": -0.0864243626344458,
      "B11": 0.13118466671359064,
      "B12": 0.13069000968601652,
      "NDVI_median": -0.11617366241410124,
      "B11_median": 0.12742152575767796,
      "B12_median": 0.12206115928863605,
      "BSI_median": 0.17909977192286108,
      "NDMI_median": -0.25320482088222934,
      "NDVI_var": 2.237428869051564e-05,
      "NDMI_var": 0.00044533438800690506,
      "NBR_slope": 0.004306724442579357
    },
    "2": {
      "NDVI": 0.3549923747206778,
      "B11": -0.2850225451027719,
      "B12": -0.3083926795765519,
      "NDVI_median": 0.35510243706280264,
      "B11_median": -0.35605219205828414,
      "B12_median": -0.36578775958415854,
      "BSI_median": -0.37851991056412176,
      "NDMI_median": 0.29608754370059576,
      "NDVI_var": 0.0013161535464772188,
      "NDMI_var": 0.0016942790332800041,
      "NBR_slope": -0.012809044516051384
    },
    "3": {
      "NDVI": -0.5548783324067272,
      "B11": 0.767000772154904,
      "B12": 0.7189588778015378,
      "NDVI_median": -0.5480322282421671,
      "B11_median": 0.7442859042581738,
      "B12_median": 0.6874339435806317,
      "BSI_median": 0.341978098724774,
      "NDMI_median": -0.24481586399872995,
      "NDVI_var": -0.0002573432306993296,
      "NDMI_var": 0.00013367172958437807,
      "NBR_slope": 0.010640541379833803
    },
    "4": {
      "NDVI": 1.6313945420382512,
      "B11": -1.0852533718038877,
      "B12": -1.1240378594600346,
      "NDVI_median": 1.5205536043440606,
      "B11_median": -1.175427929210561,
      "B12_median": -1.197241669896457,
      "BSI_median": -2.353339220173108,
      "NDMI_median": 2.2258431541807577,
      "NDVI_var": 0.004922132962231636,
      "NDMI_var": 0.003077984274058148,
      "NBR_slope": -0.0321575510816712
    },
    "5": {
      "NDVI": 0.08839507086291436,
      "B11": -2.201842171294749,
      "B12": -1.6566079966822804,
      "NDVI_median": -0.14393619400535226,
      "B11_median": 0.20166564479869184,
      "B12_median": 0.2106306042170587,
      "BSI_median": -0.09939834200134817,
      "NDMI_median": 0.03360841587612193,
      "NDVI_var": 0.0001316410742662538,
      "NDMI_var": 0.000734951147735603,
      "NBR_slope": 0.03372345217272969
    }
  },
  "excavated_metacluster": 0,
  "metacluster_stats": {
    "0": {
      "excavation_score": 0.4366700155475379
    },
    "1": {
      "excavation_score": -6.0839964425150255
    }
  }
}