{
  "cluster_labels": {
    "0": 0,
    "1": 0,
    "2": 0,
    "3": 0,
    "4": 1,
    "5": 1,
    "6": 0,
    "7": 0
  },
  "centroids": {
    "0": {
      "NDVI": -0.9044497817226592,
      "B11": -0.9183281226596511,
      "B12": -0.8143442762481228,
      "NDVI_median": -0.8121461664342596,
      "B11_median": -0.942081240468955,
      "B12_median": -0.8454510530183971,
      "BSI_median": -0.07143683036701817,
      "NDMI_median": -1.2336683115862008,
      "NDVI_var": 0.004474761746066573,
      "NDMI_var": 0.012099611307743695,
      "NBR_slope": 0.003003860415938792
    },
    "1": {
      "NDVI": 1.0977922439759862,
      "B11": -0.49822748691667434,
      "B12": -0.5048172532127342,
      "NDVI_median": 1.0480839822197778,
      "B11_median": -0.5072540103502508,
      "B12_median": -0.5335565212091699,
      "BSI_median": -0.8994050613647693,
      "NDMI_median": 0.8805871412791019,
      "NDVI_var": 0.007763580379843642,
      "NDMI_var": 0.003649851870117009,
      "NBR_slope": 0.004698937816096197
    },
    "2": {
      "NDVI": -0.1520222576127407,
      "B11": 0.2801394240523691,
      "B12": 0.26025986124705913,
      "NDVI_median": -0.12836297219118548,
      "B11_median": 0.2647730782529595,
      "B12_median": 0.23662806806106923,
      "BSI_median": 0.024178868704139378,
      "NDMI_median": 0.10651055026203324,
      "NDVI_var": -8.889431310782868e-05,
      "NDMI_var": 0.00021237750358465588,
      "NBR_slope": -0.00389414928351316
    },
    "3": {
      "NDVI": -0.8858423883280516,
      "B11": -1.4679833639826236,
      "B12": -1.2795477070447001,
      "NDVI_median": -0.8558835411834284,
      "B11_median": -1.5086257884219723,
      "B12_median": -1.3122042877538258,
      "BSI_median": -1.8083258864138012,
      "NDMI_median": 1.1385133198768884,
      "NDVI_var": 0.007133304855014174,
      "NDMI_var": 0.014202644587623055,
      "NBR_slope": 0.0018700228928478818
    },
    "4": {
      "NDVI": 0.024742358836204875,
      "B11": 0.18823649490437297,
      "B12": 0.2444975279884276,
      "NDVI_median": -0.01755840599213071,
      "B11_median": 0.2427611798351649,
      "B12_median": 0.31563246092760566,
      "BSI_median": 0.562985444249394,
      "NDMI_median": -0.6781857121547333,
      "NDVI_var": 0.001136771970943108,
      "NDMI_var": 0.0007074789794364609,
      "NBR_slope": -0.0021467663100312594
    },
    "5": {
      "NDVI": -0.32382994971595,
      "B11": 0.8796747381123006,
      "B12": 0.8008426590198688,
      "NDVI_median": -0.31760649018234577,
      "B11_median": 0.879609682620627,
      "B12_median": 0.8118277335231217,
      "BSI_median": 0.3181273572639836,
      "NDMI_median": -0.2921565168271446,
      "NDVI_var": -0.0011142451578530104,
      "NDMI_var": -0.0005406073559106311,
      "NBR_slope": 0.0036779199855058505
    },
    "6": {
      "NDVI": 1.6802585182699958,
      "B11": -0.7149624825231208,
      "B12": -0.7315283349413474,
      "NDVI_median": 1.7225438685957628,
      "B11_median": -0.7749706053076193,
      "B12_median": -0.8233854759062545,
      "BSI_median": -1.9186713741502583,
      "NDMI_median": 1.9064813429245167,
      "NDVI_var": 0.011411728835760885,
      "NDMI_var": 0.005641619201077064,
      "NBR_slope": 0.020606934874757853
    },
    "7": {
      "NDVI": 0.5134032442071604,
      "B11": -0.28510181687242625,
      "B12": -0.26364422107974167,
      "NDVI_median": 0.43569045457739064,
      "B11_median": -0.21320420669829743,
      "B12_median": -0.19781643512908664,
      "BSI_median": -0.11289693848149038,
      "NDMI_median": 0.08015305072472952,
      "NDVI_var": 0.004065956950995434,
      "NDMI_var": 0.0025246114455131532,
      "NBR_slope": -0.005609649250171532
    }
  },
  "excavated_metacluster": 0,
  "metacluster_stats": {
    "0": {
      "excavation_score": 0.7599876359580431
    },
    "1": {
      "excavation_score": -4.949216283521297
    }
  }
}