{
  "cluster_labels": {
    "0": 0,
    "1": 1,
    "2": 0,
    "3": 0,
    "4": 0,
    "5": 0
  },
  "centroids": {
    "0": {
      "NDVI": -0.8683052205616791,
      "B11": -0.8603507238708231,
      "B12": -0.7630318280928836,
      "NDVI_median": -0.7865937039050234,
      "B11_median": -0.8827720359490989,
      "B12_median": -0.7918056470637288,
      "BSI_median": 0.028166570093978716,
      "NDMI_median": -1.2944189266276889,
      "NDVI_var": 0.004269221517177283,
      "NDMI_var": 0.011522445656032547,
      "NBR_slope": 0.0058702137030933865
    },
    "1": {
      "NDVI": -0.2682269790290278,
      "B11": 0.7184978204330076,
      "B12": 0.6736667235837551,
      "NDVI_median": -0.26477710413691297,
      "B11_median": 0.7138036334028636,
      "B12_median": 0.6786148947203822,
      "BSI_median": 0.3402805373138735,
      "NDMI_median": -0.3174425296946517,
      "NDVI_var": -0.0008873050459406941,
      "NDMI_var": -0.0003970225365829043,
      "NBR_slope": 0.00253689397690647
    },
    "2": {
      "NDVI": -0.8903735691934717,
      "B11": -1.4623255404303817,
      "B12": -1.2744997310911135,
      "NDVI_median": -0.8581485331750555,
      "B11_median": -1.5051228658249711,
      "B12_median": -1.3095113569878936,
      "BSI_median": -1.7872392520344274,
      "NDMI_median": 1.0965937594948,
      "NDVI_var": 0.007123549116998006,
      "NDMI_var": 0.014264132086139587,
      "NBR_slope": 0.0010885703161676202
    },
    "3": {
      "NDVI": 1.5514442086474074,
      "B11": -0.6729641497770903,
      "B12": -0.6866710786583612,
      "NDVI_median": 1.5762841833842374,
      "B11_median": -0.7263313483416809,
      "B12_median": -0.7695704510562368,
      "BSI_median": -1.6859551493178906,
      "NDMI_median": 1.673679704242737,
      "NDVI_var": 0.010573158948865912,
      "NDMI_var": 0.0050551829849776195,
      "NBR_slope": 0.0139328762044624
    },
    "4": {
      "NDVI": 0.8677141920845178,
      "B11": -0.41240377519940574,
      "B12": -0.4126701543477695,
      "NDVI_median": 0.7747722905574264,
      "B11_median": -0.38822628084357924,
      "B12_median": -0.3981653511368119,
      "BSI_median": -0.553968005844531,
      "NDMI_median": 0.5320329782354912,
      "NDVI_var": 0.0062264365320870005,
      "NDMI_var": 0.003344687428130784,
      "NBR_slope": 0.0031393215481238476
    },
    "5": {
      "NDVI": 0.09706361937567282,
      "B11": 0.025640770250349783,
      "B12": 0.05148333338887022,
      "NDVI_median": 0.08106587139260929,
      "B11_median": 0.07806675747137454,
      "B12_median": 0.10174524219988751,
      "BSI_median": 0.18565873750599637,
      "NDMI_median": -0.185698255102452,
      "NDVI_var": 0.0016450662848774473,
      "NDMI_var": 0.0010567205020401852,
      "NBR_slope": -0.007087916459526311
    }
  },
  "excavated_metacluster": 1,
  "metacluster_stats": {
    "0": {
      "excavation_score": -4.343472379305021
    },
    "1": {
      "excavation_score": 0.9379756681254621
    }
  }
}