{
  "cluster_labels": {
    "0": 0,
    "1": 0,
    "2": 0,
    "3": 0,
    "4": 0,
    "5": 0,
    "6": 0,
    "7": 1
  },
  "centroids": {
    "0": {
      "NDVI": 0.6538532576181434,
      "B11": -0.006333065120279979,
      "B12": -0.059478690788518876,
      "NDVI_median": 0.5591441990328005,
      "B11_median": 0.06334941066739375,
      "B12_median": 0.0042268649062292205,
      "BSI_median": -0.1033003635894231,
      "NDMI_median": 0.1382453663697225,
      "NDVI_var": 0.0022603712127371193,
      "NDMI_var": 0.0012481901219769977,
      "NBR_slope": -0.014730542442639948
    },
    "1": {
      "NDVI": 1.3223662623409307,
      "B11": -0.38613474554001087,
      "B12": -0.4957073124539508,
      "NDVI_median": 1.1696737256429457,
      "B11_median": -0.2768135052512858,
      "B12_median": -0.42356483358606434,
      "BSI_median": -0.9915713058531768,
      "NDMI_median": 1.0179377502894205,
      "NDVI_var": 0.008589459628505755,
      "NDMI_var": 0.00442227081020268,
      "NBR_slope": -0.009928936690453364
    },
    "2": {
      "NDVI": -0.10675738545598276,
      "B11": 0.2897159547119287,
      "B12": 0.35016093636604384,
      "NDVI_median": -0.11518152924668512,
      "B11_median": 0.28973447717802814,
      "B12_median": 0.375420647749111,
      "BSI_median": 0.3194449876821011,
      "NDMI_median": -0.31488184829646926,
      "NDVI_var": -0.0004222143202509106,
      "NDMI_var": 0.0013908505406504358,
      "NBR_slope": -0.013593016344369218
    },
    "3": {
      "NDVI": -0.15426101564436098,
      "B11": -0.4920672035943428,
      "B12": -0.3368761840072673,
      "NDVI_median": -0.12320661790545268,
      "B11_median": -0.6519105676717297,
      "B12_median": -0.4473599655095423,
      "BSI_median": -0.396611307620923,
      "NDMI_median": 0.40420715527887974,
      "NDVI_var": 0.001469375079375146,
      "NDMI_var": 0.00558935987595301,
      "NBR_slope": -0.043620865692948665
    },
    "4": {
      "NDVI": -0.7532726056901359,
      "B11": -1.7197523213865364,
      "B12": -1.3542476077824779,
      "NDVI_median": -0.5726370070955904,
      "B11_median": -2.052261029875913,
      "B12_median": -1.5309025627027568,
      "BSI_median": -1.7460050327985321,
      "NDMI_median": 1.0097105795247443,
      "NDVI_var": 0.004010275447060624,
      "NDMI_var": 0.018222942820497426,
      "NBR_slope": -0.023771524041150054
    },
    "5": {
      "NDVI": -0.6084594602825942,
      "B11": -0.8516552979426003,
      "B12": -0.6023640629142558,
      "NDVI_median": -0.6237177314507095,
      "B11_median": -1.2499344275692876,
      "B12_median": -0.8706481570846757,
      "BSI_median": 0.2642919902983401,
      "NDMI_median": -1.4661075541490998,
      "NDVI_var": 0.0026459439227012873,
      "NDMI_var": 0.017985541528288324,
      "NBR_slope": -0.04007706869255294
    },
    "6": {
      "NDVI": 2.217592143886251,
      "B11": -0.5817973680321976,
      "B12": -0.771942532680624,
      "NDVI_median": 2.008337610590342,
      "B11_median": -0.6488099672942741,
      "B12_median": -0.8524528164745994,
      "BSI_median": -2.3420283316552246,
      "NDMI_median": 2.371039926467684,
      "NDVI_var": 0.01563739793041443,
      "NDMI_var": 0.007001696640087212,
      "NBR_slope": 0.008312034807715887
    },
    "7": {
      "NDVI": -0.3453352629958031,
      "B11": 1.087227910512302,
      "B12": 1.1225865695489856,
      "NDVI_median": -0.3332438508782861,
      "B11_median": 1.0499249639355552,
      "B12_median": 1.1005488759304225,
      "BSI_median": 0.3728143364495214,
      "NDMI_median": -0.32502360772590266,
      "NDVI_var": -0.0008789660913229953,
      "NDMI_var": 0.0019104279678609478,
      "NBR_slope": 0.000851899570066806
    }
  },
  "excavated_metacluster": 0,
  "metacluster_stats": {
    "0": {
      "excavation_score": 0.5325358857899484
    },
    "1": {
      "excavation_score": -5.464940172228157
    }
  }
}