{
  "cluster_labels": {
    "0": 0,
    "1": 0,
    "2": 0,
    "3": 1,
    "4": 0,
    "5": 0
  },
  "centroids": {
    "0": {
      "NDVI": -0.7001618818909863,
      "B11": -1.6090738661568325,
      "B12": -1.2604024050369302,
      "NDVI_median": -0.5383398741400204,
      "B11_median": -1.947171394089274,
      "B12_median": -1.4504196460549454,
      "BSI_median": -1.6590945078764263,
      "NDMI_median": 1.0226488297891567,
      "NDVI_var": 0.003785061294256091,
      "NDMI_var": 0.01721578439053821,
      "NBR_slope": -0.028440331792056572
    },
    "1": {
      "NDVI": 0.060973942844345846,
      "B11": 0.14295757200018916,
      "B12": 0.18723586315725216,
      "NDVI_median": 0.03336425135843221,
      "B11_median": 0.1658752289264187,
      "B12_median": 0.2292544965895637,
      "BSI_median": 0.18423329939406757,
      "NDMI_median": -0.15793188971106945,
      "NDVI_var": 0.00010986005363192381,
      "NDMI_var": 0.0013445081507918745,
      "NBR_slope": -0.01763126833302375
    },
    "2": {
      "NDVI": 2.0080945159461674,
      "B11": -0.5322662409262531,
      "B12": -0.710141107374714,
      "NDVI_median": 1.8182380077118898,
      "B11_median": -0.5457635024928416,
      "B12_median": -0.7498093583873529,
      "BSI_median": -2.027894355383283,
      "NDMI_median": 2.058398096053122,
      "NDVI_var": 0.014566789190693038,
      "NDMI_var": 0.006777845573542806,
      "NBR_slope": 0.0017866787295904712
    },
    "3": {
      "NDVI": -0.3213394315353496,
      "B11": 0.9916765127138206,
      "B12": 1.027752261759659,
      "NDVI_median": -0.3061365569017238,
      "B11_median": 0.9551078430621922,
      "B12_median": 1.0065886399926398,
      "BSI_median": 0.38029700341682465,
      "NDMI_median": -0.33985076446259366,
      "NDVI_var": -0.0008220434550586073,
      "NDMI_var": 0.0018584020181243764,
      "NBR_slope": -0.0012397474426414472
    },
    "4": {
      "NDVI": -0.49525222692040827,
      "B11": -0.7274546126180625,
      "B12": -0.5005655837692613,
      "NDVI_median": -0.5320201304123822,
      "B11_median": -1.137455980871883,
      "B12_median": -0.7885643162737984,
      "BSI_median": 0.09884997345204882,
      "NDMI_median": -0.9164874279511014,
      "NDVI_var": 0.0021112757975191155,
      "NDMI_var": 0.014132648637900792,
      "NBR_slope": -0.037686249481819534
    },
    "5": {
      "NDVI": 0.8711036897160086,
      "B11": -0.2880054856671384,
      "B12": -0.33885615538636105,
      "NDVI_median": 0.7805431911860463,
      "B11_median": -0.21012517569153202,
      "B12_median": -0.2787032247320618,
      "BSI_median": -0.5615672931221116,
      "NDMI_median": 0.5981647586559062,
      "NDVI_var": 0.004869571797240195,
      "NDMI_var": 0.0030316513981617915,
      "NBR_slope": -0.017486960347079354
    }
  },
  "excavated_metacluster": 1,
  "metacluster_stats": {
    "0": {
      "excavation_score": -6.495030172067056
    },
    "1": {
      "excavation_score": -0.8092437145116551
    }
  }
}