{
  "cluster_labels": {
    "0": 0,
    "1": 0,
    "2": 0,
    "3": 1,
    "4": 0,
    "5": 0,
    "6": 0,
    "7": 1
  },
  "centroids": {
    "0": {
      "NDVI": -0.32488184429161426,
      "B11": 0.06982328671474874,
      "B12": 0.3723486183679196,
      "NDVI_median": -0.3695704067901687,
      "B11_median": -0.04026127924926323,
      "B12_median": 0.32743906383314714,
      "BSI_median": 0.3588549357451317,
      "NDMI_median": -0.39572534004864324,
      "NDVI_var": -0.0004306688020817482,
      "NDMI_var": 0.001326843304085765,
      "NBR_slope": 0.0037591911784877014
    },
    "1": {
      "NDVI": 0.41951562077534055,
      "B11": 0.6378333825115516,
      "B12": 0.4424864150789219,
      "NDVI_median": 0.37587586244821075,
      "B11_median": 0.6516226222220427,
      "B12_median": 0.46238007617159194,
      "BSI_median": -0.32344777869666536,
      "NDMI_median": 0.35677598657197496,
      "NDVI_var": 0.003507656008882744,
      "NDMI_var": 0.0008219697024869454,
      "NBR_slope": -0.0054926455832899354
    },
    "2": {
      "NDVI": 0.3038912590622821,
      "B11": -0.2807066628446565,
      "B12": -0.3981296876483443,
      "NDVI_median": 0.3449114750182581,
      "B11_median": -0.27501376118595655,
      "B12_median": -0.4749778341826933,
      "BSI_median": -0.39730579560903667,
      "NDMI_median": 0.3594956713180512,
      "NDVI_var": 0.004843018130449971,
      "NDMI_var": 0.0031380188736100647,
      "NBR_slope": -0.033002553187005956
    },
    "3": {
      "NDVI": -0.1388440400635165,
      "B11": 1.0900068323370267,
      "B12": 1.2841081737039677,
      "NDVI_median": -0.18741713679047722,
      "B11_median": 0.9722237522427556,
      "B12_median": 1.2978324133990542,
      "BSI_median": 0.3216339101703123,
      "NDMI_median": -0.22640821094416502,
      "NDVI_var": -0.000367302206501512,
      "NDMI_var": -0.0012872496847798616,
      "NBR_slope": 0.014733532767218168
    },
    "4": {
      "NDVI": -0.461003896825803,
      "B11": -0.7311912057626585,
      "B12": -0.43553593915628785,
      "NDVI_median": -0.49538078203183045,
      "B11_median": -0.7668450042901288,
      "B12_median": -0.412193041527194,
      "BSI_median": 0.2702791640066736,
      "NDMI_median": -0.42547601785987743,
      "NDVI_var": -0.000303435625562511,
      "NDMI_var": 0.0044806127328420285,
      "NBR_slope": -0.004725208992687182
    },
    "5": {
      "NDVI": 1.1453222092225015,
      "B11": -0.49599476419832467,
      "B12": -1.083399555130382,
      "NDVI_median": 1.1616528139353361,
      "B11_median": -0.36670263040241236,
      "B12_median": -1.1787408414479383,
      "BSI_median": -1.5916875974558191,
      "NDMI_median": 1.4047450828947925,
      "NDVI_var": 0.006523569062175296,
      "NDMI_var": 0.0011203334333927068,
      "NBR_slope": -0.022200312249878697
    },
    "6": {
      "NDVI": 0.8966222684941211,
      "B11": 0.39783344497742823,
      "B12": -0.1299113098425205,
      "NDVI_median": 0.8877387257839474,
      "B11_median": 0.4067373175374941,
      "B12_median": -0.25197263792058777,
      "BSI_median": -1.2574157261681838,
      "NDMI_median": 1.1292253161361665,
      "NDVI_var": 0.005441501076447237,
      "NDMI_var": 0.0011502489985931483,
      "NBR_slope": -0.008376333237695146
    },
    "7": {
      "NDVI": 0.8182420503588483,
      "B11": -1.031269740998104,
      "B12": -1.4206651113626896,
      "NDVI_median": -0.10681776413353826,
      "B11_median": 0.7537681926569533,
      "B12_median": 0.9181397817201564,
      "BSI_median": 0.10791326247691999,
      "NDMI_median": -0.08620938417812887,
      "NDVI_var": 0.008021477667738145,
      "NDMI_var": 0.005110132240360651,
      "NBR_slope": 0.12730643607163683
    }
  },
  "excavated_metacluster": 1,
  "metacluster_stats": {
    "0": {
      "excavation_score": -3.7161364413510865
    },
    "1": {
      "excavation_score": 1.4182256322007252
    }
  }
}