{
  "cluster_labels": {
    "0": 0,
    "1": 0,
    "2": 1,
    "3": 0,
    "4": 0,
    "5": 0
  },
  "centroids": {
    "0": {
      "NDVI": 0.42226974593362177,
      "B11": -0.392279627943855,
      "B12": -0.5673158985191982,
      "NDVI_median": 0.37531574847962756,
      "B11_median": -0.24164005148513293,
      "B12_median": -0.47063838371289174,
      "BSI_median": -0.4380730057575176,
      "NDMI_median": 0.3968206107529427,
      "NDVI_var": 0.005650020613438769,
      "NDMI_var": 0.0034629398465047755,
      "NBR_slope": -0.021401948857975875
    },
    "1": {
      "NDVI": -0.4477881503938037,
      "B11": -0.7083021490075978,
      "B12": -0.41427786825482144,
      "NDVI_median": -0.4926980806823269,
      "B11_median": -0.7213310625175049,
      "B12_median": -0.35813291404336905,
      "BSI_median": 0.2787357414519499,
      "NDMI_median": -0.42849746756067997,
      "NDVI_var": -0.00029476037294044006,
      "NDMI_var": 0.004326826236395258,
      "NBR_slope": -0.002277774683507939
    },
    "2": {
      "NDVI": -0.0630687204653827,
      "B11": 1.0595946902839113,
      "B12": 1.2049228873015356,
      "NDVI_median": -0.12013571113462772,
      "B11_median": 0.9594948223055971,
      "B12_median": 1.2255470846851109,
      "BSI_median": 0.25935369290799837,
      "NDMI_median": -0.16589045914195116,
      "NDVI_var": 0.00014985365351814339,
      "NDMI_var": -0.0010616230066484082,
      "NBR_slope": 0.013559106520535737
    },
    "3": {
      "NDVI": 1.1586532271934766,
      "B11": -0.27148125741373313,
      "B12": -0.879690619789631,
      "NDVI_median": 1.1704174412525559,
      "B11_median": -0.1752823787552195,
      "B12_median": -1.0026485086150954,
      "BSI_median": -1.619563682920008,
      "NDMI_median": 1.4303360540288188,
      "NDVI_var": 0.006333084079827977,
      "NDMI_var": 0.0009018530731792853,
      "NBR_slope": -0.02232449412932101
    },
    "4": {
      "NDVI": -0.24073123720101272,
      "B11": 0.10556846873421485,
      "B12": 0.3440038732815011,
      "NDVI_median": -0.30089453132211386,
      "B11_median": 0.05268570010831576,
      "B12_median": 0.3637105220407185,
      "BSI_median": 0.30902832127586843,
      "NDMI_median": -0.3277946489110186,
      "NDVI_var": 0.00010849274079427007,
      "NDMI_var": 0.0012195099373738458,
      "NBR_slope": 0.004185828361578876
    },
    "5": {
      "NDVI": 0.6316796162798664,
      "B11": 0.5625999301460474,
      "B12": 0.21059070085002926,
      "NDVI_median": 0.6069962974873464,
      "B11_median": 0.5953258445585403,
      "B12_median": 0.19975506497991274,
      "BSI_median": -0.737248312895357,
      "NDMI_median": 0.703199042907196,
      "NDVI_var": 0.004495131305404439,
      "NDMI_var": 0.0012177677073017465,
      "NBR_slope": -0.0032655509563180563
    }
  },
  "excavated_metacluster": 1,
  "metacluster_stats": {
    "0": {
      "excavation_score": -2.982889702522585
    },
    "1": {
      "excavation_score": 1.562804626061307
    }
  }
}