{
  "cluster_labels": {
    "0": 0,
    "1": 0,
    "2": 0,
    "3": 0,
    "4": 1,
    "5": 0
  },
  "centroids": {
    "0": {
      "NDVI": 1.3768174907820672,
      "B11": -0.28349710705018666,
      "B12": -0.4500802193686123,
      "NDVI_median": 1.5013000680805952,
      "B11_median": -0.34406351108362465,
      "B12_median": -0.5502551962116722,
      "BSI_median": -1.3861480910543882,
      "NDMI_median": 1.3817310923507697,
      "NDVI_var": 0.010724139656249009,
      "NDMI_var": 0.004970643073917887,
      "NBR_slope": 0.0447220606412498
    },
    "1": {
      "NDVI": -0.5680013504276131,
      "B11": -0.6375342220737518,
      "B12": -0.4974106634507602,
      "NDVI_median": -0.5456841006899151,
      "B11_median": -0.6724277516611731,
      "B12_median": -0.4884403608412382,
      "BSI_median": 0.007042497542423476,
      "NDMI_median": -0.25278972721721643,
      "NDVI_var": 0.002684356610801266,
      "NDMI_var": 0.0093715049018576,
      "NBR_slope": -0.013252592817125106
    },
    "2": {
      "NDVI": -0.3173620158755108,
      "B11": 0.11352027311075724,
      "B12": 0.2361260556093668,
      "NDVI_median": -0.3262342994488764,
      "B11_median": 0.12036105329601858,
      "B12_median": 0.25041549050318107,
      "BSI_median": 0.31679551660359845,
      "NDMI_median": -0.28201802605183807,
      "NDVI_var": 4.554992719741453e-05,
      "NDMI_var": 0.0014642789157425684,
      "NBR_slope": -0.005884872959036664
    },
    "3": {
      "NDVI": 0.6651641515427453,
      "B11": 0.11050187782918314,
      "B12": 0.01930353275293873,
      "NDVI_median": 0.6493632812986182,
      "B11_median": 0.10095574916421243,
      "B12_median": -0.010397690855203567,
      "BSI_median": -0.2749241822054203,
      "NDMI_median": 0.32497274012733285,
      "NDVI_var": 0.005535852092632222,
      "NDMI_var": 0.0029675933912870593,
      "NBR_slope": -0.0031284328160400905
    },
    "4": {
      "NDVI": 0.04297966511457718,
      "B11": 0.8792612298110354,
      "B12": 0.8797176080198996,
      "NDVI_median": -0.08048007069190533,
      "B11_median": 1.0252611417665822,
      "B12_median": 1.0283695381229438,
      "BSI_median": 0.6134172155522213,
      "NDMI_median": -0.5464915828328658,
      "NDVI_var": -0.00023525593139817318,
      "NDMI_var": -0.0011362462027713787,
      "NBR_slope": -0.0014343953864948298
    },
    "5": {
      "NDVI": -0.3058746484390306,
      "B11": -1.0626514571190677,
      "B12": -0.942547118023788,
      "NDVI_median": -0.265560689617089,
      "B11_median": -1.2942490637145223,
      "B12_median": -1.1070570576540752,
      "BSI_median": -1.0643841742643592,
      "NDMI_median": 0.8274189754351193,
      "NDVI_var": 0.004243350870601909,
      "NDMI_var": 0.01148758520101546,
      "NBR_slope": 0.007967137280091723
    }
  },
  "excavated_metacluster": 0,
  "metacluster_stats": {
    "0": {
      "excavation_score": 0.782517298023204
    },
    "1": {
      "excavation_score": -4.2960882650339425
    }
  }
}