{
  "cluster_labels": {
    "0": 0,
    "1": 0,
    "2": 0,
    "3": 0,
    "4": 0,
    "5": 1,
    "6": 0,
    "7": 0
  },
  "centroids": {
    "0": {
      "NDVI": 0.8003348523552067,
      "B11": -0.026094311846393242,
      "B12": -0.08118584951640953,
      "NDVI_median": 0.7877891167240948,
      "B11_median": -0.028523971328159342,
      "B12_median": -0.09201032936681564,
      "BSI_median": -0.49706394831611667,
      "NDMI_median": 0.47177404115064475,
      "NDVI_var": 0.00584192620706457,
      "NDMI_var": 0.002058097397394221,
      "NBR_slope": 0.0013780541981502413
    },
    "1": {
      "NDVI": -1.482133049010042,
      "B11": -1.467578451908482,
      "B12": -1.0734348772147917,
      "NDVI_median": -1.194625634526045,
      "B11_median": -1.559935490123912,
      "B12_median": -1.1326074087343163,
      "BSI_median": -0.6334040247857421,
      "NDMI_median": 0.7393759660281095,
      "NDVI_var": 0.02151440118982609,
      "NDMI_var": 0.03272665872052239,
      "NBR_slope": -0.020831543393885828
    },
    "2": {
      "NDVI": -0.9723704017341266,
      "B11": -0.9640515004405197,
      "B12": -0.6399498695504784,
      "NDVI_median": -1.071875658393767,
      "B11_median": -1.2133726857084843,
      "B12_median": -0.8281483998894458,
      "BSI_median": 0.31263443713564576,
      "NDMI_median": -0.6486497975486906,
      "NDVI_var": 0.024488272641531337,
      "NDMI_var": 0.03583239056549398,
      "NBR_slope": 0.019109440004551767
    },
    "3": {
      "NDVI": 0.22029965880097063,
      "B11": 0.31852168154184546,
      "B12": 0.35343885814801007,
      "NDVI_median": 0.2337924436912607,
      "B11_median": 0.2613132333035256,
      "B12_median": 0.3137505485122558,
      "BSI_median": 0.1276364229264666,
      "NDMI_median": -0.09757145867524744,
      "NDVI_var": 0.0012141975593996839,
      "NDMI_var": 0.0007296736353605126,
      "NBR_slope": -0.015009877101215159
    },
    "4": {
      "NDVI": 0.13250452733757928,
      "B11": -0.866266860882216,
      "B12": -0.6431599154886896,
      "NDVI_median": 0.023221726342986273,
      "B11_median": -0.9608315630712068,
      "B12_median": -0.7072492090751445,
      "BSI_median": -0.599837574189243,
      "NDMI_median": 0.6827497059021012,
      "NDVI_var": 0.004305939619599574,
      "NDMI_var": 0.006419825230668608,
      "NBR_slope": 0.009122069260787942
    },
    "5": {
      "NDVI": -0.2717604394551307,
      "B11": 0.5720774079436188,
      "B12": 0.7609026037684427,
      "NDVI_median": -0.3061906233663845,
      "B11_median": 0.5166655725263615,
      "B12_median": 0.7855797924626331,
      "BSI_median": 0.5920542011370451,
      "NDMI_median": -0.5495477014288249,
      "NDVI_var": -0.0023988142469322732,
      "NDMI_var": -0.001406253799886576,
      "NBR_slope": 0.001338681729295928
    },
    "6": {
      "NDVI": 0.011602627612509422,
      "B11": -0.32507698144173236,
      "B12": -0.15395338210597717,
      "NDVI_median": -0.0765086816807804,
      "B11_median": -0.13508886109778948,
      "B12_median": 0.05124875667621871,
      "BSI_median": 0.1973895147521254,
      "NDMI_median": -0.1907107570470234,
      "NDVI_var": 0.0011409959610483291,
      "NDMI_var": 0.0022596562937802697,
      "NBR_slope": 0.004407291808986178
    },
    "7": {
      "NDVI": 1.5194342829849101,
      "B11": -0.3442632563920497,
      "B12": -0.43352003076604034,
      "NDVI_median": 1.4666978052582103,
      "B11_median": -0.33852177167526715,
      "B12_median": -0.44950720467307104,
      "BSI_median": -1.3348571060950365,
      "NDMI_median": 1.2518731823598146,
      "NDVI_var": 0.010677267084543952,
      "NDMI_var": 0.001814709375459112,
      "NBR_slope": 0.025613802617072724
    }
  },
  "excavated_metacluster": 1,
  "metacluster_stats": {
    "0": {
      "excavation_score": -1.9694844294434195
    },
    "1": {
      "excavation_score": -0.3270650250091277
    }
  }
}