{
  "cluster_labels": {
    "0": 0,
    "1": 0,
    "2": 0,
    "3": 0,
    "4": 1,
    "5": 0
  },
  "centroids": {
    "0": {
      "NDVI": -0.8246239716539895,
      "B11": -0.9091734549891551,
      "B12": -0.602547259015762,
      "NDVI_median": -0.931558637554243,
      "B11_median": -1.1293476857346183,
      "B12_median": -0.7637468283117651,
      "BSI_median": 0.26323679251403365,
      "NDMI_median": -0.5564871678927122,
      "NDVI_var": 0.020092403913001662,
      "NDMI_var": 0.030078305629249607,
      "NBR_slope": 0.01902595270929595
    },
    "1": {
      "NDVI": 1.4741784305052719,
      "B11": -0.3419707346619506,
      "B12": -0.4257917033529034,
      "NDVI_median": 1.4207444693493887,
      "B11_median": -0.3433235414227769,
      "B12_median": -0.44660404692520717,
      "BSI_median": -1.30698943351041,
      "NDMI_median": 1.2333218121179077,
      "NDVI_var": 0.01050922947839321,
      "NDMI_var": 0.0019570799342708252,
      "NBR_slope": 0.024865193930503203
    },
    "2": {
      "NDVI": -1.2925832370551684,
      "B11": -1.4251620108588348,
      "B12": -1.0436527043333774,
      "NDVI_median": -1.0744695245356841,
      "B11_median": -1.5223366543365588,
      "B12_median": -1.1065562425479853,
      "BSI_median": -0.6469903972833063,
      "NDMI_median": 0.7546310801477008,
      "NDVI_var": 0.019784486561225764,
      "NDMI_var": 0.030124833556124494,
      "NBR_slope": -0.015690118642228034
    },
    "3": {
      "NDVI": 0.6690247674837028,
      "B11": -0.18579626248428932,
      "B12": -0.18258759017186796,
      "NDVI_median": 0.6463703516292844,
      "B11_median": -0.1796471184336969,
      "B12_median": -0.18190072860972883,
      "BSI_median": -0.47710943717990534,
      "NDMI_median": 0.4761038389335217,
      "NDVI_var": 0.004990723313285688,
      "NDMI_var": 0.0023503107988486066,
      "NBR_slope": 0.0016767977343797663
    },
    "4": {
      "NDVI": -0.2577375236225093,
      "B11": 0.5678924100710301,
      "B12": 0.7511830918520402,
      "NDVI_median": -0.29131340224162194,
      "B11_median": 0.5113674065705438,
      "B12_median": 0.7733326625326985,
      "BSI_median": 0.5807287358394441,
      "NDMI_median": -0.5391523563106216,
      "NDVI_var": -0.002267826604543297,
      "NDMI_var": -0.0013190468606778813,
      "NBR_slope": 0.0011903057401362646
    },
    "5": {
      "NDVI": 0.1786880778193512,
      "B11": 0.14102259566368378,
      "B12": 0.20980526130061303,
      "NDVI_median": 0.1604414697562808,
      "B11_median": 0.16455332981546775,
      "B12_median": 0.24971802036490418,
      "BSI_median": 0.14384525087171302,
      "NDMI_median": -0.11594419937107933,
      "NDVI_var": 0.001158185671712714,
      "NDMI_var": 0.0009348457532438381,
      "NBR_slope": -0.010207210862319871
    }
  },
  "excavated_metacluster": 1,
  "metacluster_stats": {
    "0": {
      "excavation_score": -1.659744788849399
    },
    "1": {
      "excavation_score": -0.573220902217555
    }
  }
}