{
  "cluster_labels": {
    "0": 0,
    "1": 0,
    "2": 1,
    "3": 0,
    "4": 0,
    "5": 0
  },
  "centroids": {
    "0": {
      "NDVI": 0.11405993173627951,
      "B11": -0.5260915502664522,
      "B12": -0.3856860251312177,
      "NDVI_median": 0.22171787587494568,
      "B11_median": -0.49060643144362687,
      "B12_median": -0.3888331303356349,
      "BSI_median": -0.275064678958325,
      "NDMI_median": 0.26634644308924327,
      "NDVI_var": 0.0028971447799886756,
      "NDMI_var": 0.0015311452798009986,
      "NBR_slope": -0.014669785532910594
    },
    "1": {
      "NDVI": 1.0191066324745213,
      "B11": -0.7041097787060806,
      "B12": -0.8122956078502794,
      "NDVI_median": 1.023249005714376,
      "B11_median": -0.576407021585013,
      "B12_median": -0.7840006705672515,
      "BSI_median": -1.2588805408354498,
      "NDMI_median": 1.1782117234926617,
      "NDVI_var": 0.00949125922750406,
      "NDMI_var": 0.0015709718637218148,
      "NBR_slope": 0.010469429463276765
    },
    "2": {
      "NDVI": -0.450272731320823,
      "B11": 1.4488634719315154,
      "B12": 1.0040462529518872,
      "NDVI_median": -0.49251621719435784,
      "B11_median": 1.4843081176419854,
      "B12_median": 0.9681419902979188,
      "BSI_median": 0.5788056942202968,
      "NDMI_median": -0.5407526197049416,
      "NDVI_var": -0.0014877795089803724,
      "NDMI_var": 0.0004188867297463181,
      "NBR_slope": 0.017132109924524026
    },
    "3": {
      "NDVI": 0.4276181078722531,
      "B11": 0.28922617342754686,
      "B12": 0.0055167642477583195,
      "NDVI_median": 0.23599008725154286,
      "B11_median": 0.3022464157746254,
      "B12_median": 0.05112723146101343,
      "BSI_median": -0.17247404257402116,
      "NDMI_median": 0.15789538132957304,
      "NDVI_var": 0.004765066293921069,
      "NDMI_var": 0.002241840408890092,
      "NBR_slope": 0.019441917281132537
    },
    "4": {
      "NDVI": -0.9387448317503979,
      "B11": -2.247984106744247,
      "B12": -1.3788358408981038,
      "NDVI_median": -0.8737178438577984,
      "B11_median": -2.406790851290769,
      "B12_median": -1.3972851662955816,
      "BSI_median": -0.34438490544240963,
      "NDMI_median": -0.054270464007958985,
      "NDVI_var": 0.008672801128592516,
      "NDMI_var": 0.018140729398001404,
      "NBR_slope": 0.006653821741287909
    },
    "5": {
      "NDVI": -0.3968729076328774,
      "B11": 0.22103494318781083,
      "B12": 0.3951807204107779,
      "NDVI_median": -0.42950568803440364,
      "B11_median": 0.24718429701803626,
      "B12_median": 0.4055369647575826,
      "BSI_median": 0.3446452471747284,
      "NDMI_median": -0.3716214934113413,
      "NDVI_var": -0.0011219670600737643,
      "NDMI_var": 0.00042790726256652033,
      "NBR_slope": 0.009348721889528374
    }
  },
  "excavated_metacluster": 0,
  "metacluster_stats": {
    "0": {
      "excavation_score": 1.5660279708764508
    },
    "1": {
      "excavation_score": -2.864826760357609
    }
  }
}