{
  "cluster_labels": {
    "0": 1,
    "1": 0,
    "2": 0,
    "3": 0,
    "4": 0,
    "5": 0,
    "6": 0,
    "7": 0
  },
  "centroids": {
    "0": {
      "NDVI": -0.4857984130657408,
      "B11": 1.6204364526511619,
      "B12": 1.101453902742994,
      "NDVI_median": -0.5290328779982078,
      "B11_median": 1.6695166243887354,
      "B12_median": 1.065649214561191,
      "BSI_median": 0.6271647197251136,
      "NDMI_median": -0.575193401824963,
      "NDVI_var": -0.0016888768279158277,
      "NDMI_var": 0.00036873416678518756,
      "NBR_slope": 0.01827971487246148
    },
    "1": {
      "NDVI": -0.30118140366301105,
      "B11": -0.17847960942227775,
      "B12": 0.0787410334921351,
      "NDVI_median": -0.26734196238635344,
      "B11_median": -0.2537990512336798,
      "B12_median": 0.008736712819247205,
      "BSI_median": 0.15880272738181078,
      "NDMI_median": -0.17744121795526907,
      "NDVI_var": -0.00013849648068059526,
      "NDMI_var": 0.0007707321950139512,
      "NBR_slope": -0.005211016967713264
    },
    "2": {
      "NDVI": 1.113980159672057,
      "B11": -0.7757176489610863,
      "B12": -0.8873333987652038,
      "NDVI_median": 1.0953013905292153,
      "B11_median": -0.6094605296242832,
      "B12_median": -0.8371375754031971,
      "BSI_median": -1.3631607019062943,
      "NDMI_median": 1.2709404934012598,
      "NDVI_var": 0.01004828899110469,
      "NDMI_var": 0.0014278197060763034,
      "NBR_slope": 0.01595626189257406
    },
    "3": {
      "NDVI": 0.4485799077749292,
      "B11": 0.3280303439781117,
      "B12": 0.016909551922815284,
      "NDVI_median": 0.21388187839976708,
      "B11_median": 0.37040152221109884,
      "B12_median": 0.09700103626828081,
      "BSI_median": -0.13691804268363528,
      "NDMI_median": 0.12170125880254094,
      "NDVI_var": 0.004689959563976583,
      "NDMI_var": 0.0023258447276145807,
      "NBR_slope": 0.02450352502708608
    },
    "4": {
      "NDVI": -0.9264071904047739,
      "B11": -2.2345815240920133,
      "B12": -1.3721794746346685,
      "NDVI_median": -0.8661721490250823,
      "B11_median": -2.436803647070904,
      "B12_median": -1.4207313146229381,
      "BSI_median": -0.3620624785445105,
      "NDMI_median": -0.03321587833365938,
      "NDVI_var": 0.00878146939049278,
      "NDMI_var": 0.018161244955016875,
      "NBR_slope": 0.0031366392530543623
    },
    "5": {
      "NDVI": -0.3905561726963821,
      "B11": 0.5310988105493663,
      "B12": 0.5674375366940415,
      "NDVI_median": -0.4368800385875487,
      "B11_median": 0.5236958921274246,
      "B12_median": 0.5500792843538443,
      "BSI_median": 0.3967949275144585,
      "NDMI_median": -0.41942541537366906,
      "NDVI_var": -0.0012212830243770734,
      "NDMI_var": 0.00035358975679988195,
      "NBR_slope": 0.012074004237596761
    },
    "6": {
      "NDVI": -0.2101027390511925,
      "B11": -1.7880791804922078,
      "B12": -1.1939847401299273,
      "NDVI_median": -0.16946652444894372,
      "B11_median": 0.47324757037989434,
      "B12_median": 0.3418987967043126,
      "BSI_median": 0.007348146379172998,
      "NDMI_median": -0.030833548238448028,
      "NDVI_var": 0.004388716820360989,
      "NDMI_var": 0.0031110946621009357,
      "NBR_slope": 0.08147515549206126
    },
    "7": {
      "NDVI": 0.4276966769998527,
      "B11": -0.38617923675818816,
      "B12": -0.4113048089417897,
      "NDVI_median": 0.5286916833032426,
      "B11_median": -0.49734179509900694,
      "B12_median": -0.5192115946167224,
      "BSI_median": -0.5723524176965005,
      "NDMI_median": 0.5550889072155125,
      "NDVI_var": 0.00499227267502803,
      "NDMI_var": 0.0017451323601762481,
      "NBR_slope": -0.019511892649258684
    }
  },
  "excavated_metacluster": 1,
  "metacluster_stats": {
    "0": {
      "excavation_score": -2.3041870004672758
    },
    "1": {
      "excavation_score": 1.5122055261451013
    }
  }
}