{
  "cluster_labels": {
    "0": 0,
    "1": 0,
    "2": 0,
    "3": 0,
    "4": 1,
    "5": 0
  },
  "centroids": {
    "0": {
      "NDVI": 0.8407655215144608,
      "B11": 0.17737135509085095,
      "B12": 0.03424311613202144,
      "NDVI_median": 1.0062195568609962,
      "B11_median": 0.027208543629600734,
      "B12_median": -0.09126934870195962,
      "BSI_median": -0.6525907285503801,
      "NDMI_median": 0.37747890344884316,
      "NDVI_var": 0.006275946275401885,
      "NDMI_var": 0.004330374085885939,
      "NBR_slope": -0.016365174281657874
    },
    "1": {
      "NDVI": -1.5755966357613918,
      "B11": -1.8246324198116624,
      "B12": -1.5723787271523517,
      "NDVI_median": -2.152405790851911,
      "B11_median": -2.1664876581784087,
      "B12_median": -1.808625628996002,
      "BSI_median": -0.644610393656853,
      "NDMI_median": 0.7253304150178208,
      "NDVI_var": 0.027328890709702895,
      "NDMI_var": 0.017604587057260698,
      "NBR_slope": -0.009511835223013002
    },
    "2": {
      "NDVI": 0.34457505998012017,
      "B11": -0.8623350181158036,
      "B12": -0.7967698977767818,
      "NDVI_median": 0.021112456234601687,
      "B11_median": -0.7335470914089238,
      "B12_median": -0.6319622918222416,
      "BSI_median": -0.336224236884189,
      "NDMI_median": 0.30435788138915676,
      "NDVI_var": 0.011771794029314785,
      "NDMI_var": 0.0076570343130555035,
      "NBR_slope": 0.01775099402746403
    },
    "3": {
      "NDVI": 1.8346640897996693,
      "B11": -0.5578799875818171,
      "B12": -0.7467214109813665,
      "NDVI_median": 1.9639964881842011,
      "B11_median": -0.48313141097208756,
      "B12_median": -0.6954840267057986,
      "BSI_median": -1.8338501622030183,
      "NDMI_median": 1.3711423535289242,
      "NDVI_var": 0.011574014177774553,
      "NDMI_var": 0.005639492525387975,
      "NBR_slope": 0.028370557049446958
    },
    "4": {
      "NDVI": 0.0765748201971649,
      "B11": 0.654064190720149,
      "B12": 0.656339587822606,
      "NDVI_median": 0.04355892121942134,
      "B11_median": 0.6587297994620942,
      "B12_median": 0.6888537700585872,
      "BSI_median": 0.3844724369813345,
      "NDMI_median": -0.5455346380550086,
      "NDVI_var": -0.0012469238824624647,
      "NDMI_var": 0.0003131053338002862,
      "NBR_slope": 0.00015021165792838373
    },
    "5": {
      "NDVI": -0.34426860017251126,
      "B11": -0.010088281082322403,
      "B12": 0.0759262007590718,
      "NDVI_median": -0.2640341134122233,
      "B11_median": 0.02198130511957666,
      "B12_median": 0.16033639543800757,
      "BSI_median": 0.3912861975691304,
      "NDMI_median": -0.2424684670691005,
      "NDVI_var": -6.808173262874088e-05,
      "NDMI_var": 0.003360166181230009,
      "NBR_slope": -0.009494189527533508
    }
  },
  "excavated_metacluster": 1,
  "metacluster_stats": {
    "0": {
      "excavation_score": -3.9109891712407228
    },
    "1": {
      "excavation_score": -1.1672720368680494
    }
  }
}