{
  "cluster_labels": {
    "0": 1,
    "1": 0,
    "2": 0,
    "3": 0,
    "4": 0,
    "5": 0,
    "6": 0,
    "7": 1
  },
  "centroids": {
    "0": {
      "NDVI": -0.32937181534651394,
      "B11": 0.1346199213606739,
      "B12": 0.1802970290413952,
      "NDVI_median": -0.2855467505953436,
      "B11_median": 0.19202844796204313,
      "B12_median": 0.3013817346566383,
      "BSI_median": 0.5287787639588332,
      "NDMI_median": -0.4531263443649758,
      "NDVI_var": -0.0015991748175686665,
      "NDMI_var": 0.0014574945375913002,
      "NBR_slope": -0.002089069288307741
    },
    "1": {
      "NDVI": -0.38932578167040566,
      "B11": -1.0775431646222704,
      "B12": -0.9577863789983725,
      "NDVI_median": -1.4505395224958115,
      "B11_median": -1.908163092724375,
      "B12_median": -1.6306234591177193,
      "BSI_median": -0.6011328602723569,
      "NDMI_median": 0.4577917381414993,
      "NDVI_var": 0.028948091530116096,
      "NDMI_var": 0.015990290718591257,
      "NBR_slope": -0.014983096928847589
    },
    "2": {
      "NDVI": 1.8077100068777738,
      "B11": -0.5037878264857893,
      "B12": -0.6983265326414104,
      "NDVI_median": 2.1262194838673243,
      "B11_median": -0.5056617471533518,
      "B12_median": -0.7406982239425177,
      "BSI_median": -2.0040123991275003,
      "NDMI_median": 1.518463311900021,
      "NDVI_var": 0.010762116942418468,
      "NDMI_var": 0.005270015510200283,
      "NBR_slope": 0.01638816663952053
    },
    "3": {
      "NDVI": -0.13225159827123364,
      "B11": -0.48327316659790287,
      "B12": -0.37266921031413297,
      "NDVI_median": -0.038684985170235206,
      "B11_median": -0.5797383009608502,
      "B12_median": -0.45850144558803685,
      "BSI_median": -0.14607311611591872,
      "NDMI_median": 0.29097244375695386,
      "NDVI_var": 0.00883696494179194,
      "NDMI_var": 0.008303122390807582,
      "NBR_slope": -0.01038448166487284
    },
    "4": {
      "NDVI": 0.7428441012907026,
      "B11": 0.22589738455247427,
      "B12": 0.10094863709787952,
      "NDVI_median": 1.0824798387927248,
      "B11_median": 0.01977625891130802,
      "B12_median": -0.11142719141962154,
      "BSI_median": -0.7171276926667096,
      "NDMI_median": 0.4438545838114476,
      "NDVI_var": 0.006129209328543507,
      "NDMI_var": 0.004353088437412504,
      "NBR_slope": -0.031085003614346025
    },
    "5": {
      "NDVI": 1.4504711420412308,
      "B11": -1.000993890017837,
      "B12": -1.0856279638410746,
      "NDVI_median": 0.5205324085909724,
      "B11_median": -0.3697851304392763,
      "B12_median": -0.3484679109121743,
      "BSI_median": -0.4790664915869507,
      "NDMI_median": 0.23911274061828652,
      "NDVI_var": 0.009721358571539804,
      "NDMI_var": 0.005216918212416494,
      "NBR_slope": 0.07194088852632974
    },
    "6": {
      "NDVI": -2.3386402201925565,
      "B11": -2.3182917370017617,
      "B12": -1.9842864629047254,
      "NDVI_median": -2.405190000344272,
      "B11_median": -2.203311877097162,
      "B12_median": -1.8267458766761415,
      "BSI_median": -0.6117344404071239,
      "NDMI_median": 0.8424599580937316,
      "NDVI_var": 0.024247194022403915,
      "NDMI_var": 0.0181821196115398,
      "NBR_slope": -0.0007879687673567159
    },
    "7": {
      "NDVI": 0.1804281610869397,
      "B11": 0.7109753291751664,
      "B12": 0.7248309375029184,
      "NDVI_median": 0.14049738165562714,
      "B11_median": 0.7073719940648525,
      "B12_median": 0.7376006733280557,
      "BSI_median": 0.26767157293983745,
      "NDMI_median": -0.44929701665257094,
      "NDVI_var": -0.0007874009593190371,
      "NDMI_var": 0.0004633455976354615,
      "NBR_slope": -0.0016105601682645605
    }
  },
  "excavated_metacluster": 0,
  "metacluster_stats": {
    "0": {
      "excavation_score": -1.1921304163322364
    },
    "1": {
      "excavation_score": -3.749996453541196
    }
  }
}