{
  "cluster_labels": {
    "0": 0,
    "1": 0,
    "2": 1,
    "3": 0,
    "4": 0,
    "5": 1
  },
  "centroids": {
    "0": {
      "NDVI": 1.6531744949330214,
      "B11": -0.6610001773776623,
      "B12": -0.7298307174486792,
      "NDVI_median": 1.4425433872549043,
      "B11_median": -0.8770144407416924,
      "B12_median": -0.8880724873809963,
      "BSI_median": -1.593654754260872,
      "NDMI_median": 1.4037069023179993,
      "NDVI_var": 0.012795856820518984,
      "NDMI_var": 0.003817804356647648,
      "NBR_slope": 0.0010356282970757492
    },
    "1": {
      "NDVI": -0.230034860942093,
      "B11": 0.07703841405143723,
      "B12": 0.18918919216304173,
      "NDVI_median": -0.18018883056202892,
      "B11_median": -0.09392430307240304,
      "B12_median": 0.052660361211873716,
      "BSI_median": 0.1546801487016518,
      "NDMI_median": -0.20453156632970124,
      "NDVI_var": -8.232296711257461e-05,
      "NDMI_var": 0.0009343826509163319,
      "NBR_slope": -0.0032966866611203165
    },
    "2": {
      "NDVI": -0.3356144296779442,
      "B11": 0.9841311261718204,
      "B12": 1.0108360214555054,
      "NDVI_median": -0.3217188925656578,
      "B11_median": 0.9800301804828851,
      "B12_median": 0.9655854622052311,
      "BSI_median": 0.28125970398952144,
      "NDMI_median": -0.32383790499430665,
      "NDVI_var": -0.0006743082343823839,
      "NDMI_var": -0.0008396180275814778,
      "NBR_slope": 0.009758591243773655
    },
    "3": {
      "NDVI": 0.6325702394458164,
      "B11": -0.030081985307433348,
      "B12": -0.11160044283062992,
      "NDVI_median": 0.8328978407534806,
      "B11_median": -0.08588573738943275,
      "B12_median": -0.25952892767747177,
      "BSI_median": -0.7861768822158113,
      "NDMI_median": 0.6669768164664022,
      "NDVI_var": 0.007313119116917453,
      "NDMI_var": 0.0030711730025045265,
      "NBR_slope": -0.03363065347844271
    },
    "4": {
      "NDVI": -0.08921128901728756,
      "B11": -1.2638004684231048,
      "B12": -0.8496065697225058,
      "NDVI_median": -0.004539712607935981,
      "B11_median": -0.7921276649658192,
      "B12_median": -0.5391628622202013,
      "BSI_median": -0.3467016692365462,
      "NDMI_median": 0.31105235108956797,
      "NDVI_var": 0.0019456486439108636,
      "NDMI_var": 0.00443341617821408,
      "NBR_slope": -0.009055610405953499
    },
    "5": {
      "NDVI": 0.743925401934399,
      "B11": -0.2729389343754935,
      "B12": -0.3751269755787672,
      "NDVI_median": -0.3707389562976182,
      "B11_median": 1.0248236714169698,
      "B12_median": 1.0088664495520447,
      "BSI_median": 0.25907237742469774,
      "NDMI_median": -0.3381363950311852,
      "NDVI_var": 0.0044288828227185065,
      "NDMI_var": 0.004353480208135823,
      "NBR_slope": 0.1141304611689319
    }
  },
  "excavated_metacluster": 0,
  "metacluster_stats": {
    "0": {
      "excavation_score": 2.017355327374005
    },
    "1": {
      "excavation_score": -3.205749562614921
    }
  }
}