{
  "cluster_labels": {
    "0": 0,
    "1": 0,
    "2": 0,
    "3": 0,
    "4": 1,
    "5": 0,
    "6": 0,
    "7": 0
  },
  "centroids": {
    "0": {
      "NDVI": 1.6882941384856425,
      "B11": -0.7331395916299738,
      "B12": -0.8032349891692913,
      "NDVI_median": 1.6429566029698408,
      "B11_median": -0.5739687809528926,
      "B12_median": -0.7238753951362075,
      "BSI_median": -1.4783421346955299,
      "NDMI_median": 1.6619043260721753,
      "NDVI_var": 0.010501725365119901,
      "NDMI_var": 0.00368349209621381,
      "NBR_slope": 0.009753295410114177
    },
    "1": {
      "NDVI": -0.12136049181430236,
      "B11": 0.3517945706637019,
      "B12": 0.4171290044544232,
      "NDVI_median": -0.13357663075119947,
      "B11_median": 0.3572696154881752,
      "B12_median": 0.44006196740387965,
      "BSI_median": 0.36586999328926334,
      "NDMI_median": -0.3440513727346243,
      "NDVI_var": -0.00046192567844821923,
      "NDMI_var": -2.2939164836593626e-06,
      "NBR_slope": 0.005794246826306197
    },
    "2": {
      "NDVI": -1.3729876561761516,
      "B11": -2.5568498324842768,
      "B12": -1.735151026813286,
      "NDVI_median": -1.1292524001380935,
      "B11_median": -2.7277154625546682,
      "B12_median": -1.75029088598624,
      "BSI_median": -2.5425826360817556,
      "NDMI_median": 1.5570293034053004,
      "NDVI_var": 0.009350556173232931,
      "NDMI_var": 0.020446409304209094,
      "NBR_slope": -0.01230200424874733
    },
    "3": {
      "NDVI": 1.021720111736741,
      "B11": -0.2925932713389276,
      "B12": -0.39540049147073136,
      "NDVI_median": 0.9937559016759727,
      "B11_median": -0.27026701187796004,
      "B12_median": -0.39615895932827705,
      "BSI_median": -0.6103394437695293,
      "NDMI_median": 0.7704136359704048,
      "NDVI_var": 0.006438888245808863,
      "NDMI_var": 0.003719200556902548,
      "NBR_slope": -0.007892865879872611
    },
    "4": {
      "NDVI": -0.3445291284191695,
      "B11": 0.9908885271450647,
      "B12": 1.0147399440187683,
      "NDVI_median": -0.3391975409120509,
      "B11_median": 1.0005313266161613,
      "B12_median": 1.0143829094894976,
      "BSI_median": 0.2948570115904275,
      "NDMI_median": -0.29261725139926753,
      "NDVI_var": -0.000939604844289997,
      "NDMI_var": -0.0002100929852358168,
      "NBR_slope": 0.009529071006770475
    },
    "5": {
      "NDVI": -0.2993753819163144,
      "B11": -0.7339487524530428,
      "B12": -0.3567368429791434,
      "NDVI_median": -0.29164837904977786,
      "B11_median": -0.7260858425784475,
      "B12_median": -0.3172056825873906,
      "BSI_median": -0.20829314426347023,
      "NDMI_median": 0.16331356923159882,
      "NDVI_var": 0.0013034527648183168,
      "NDMI_var": 0.0024052961428641002,
      "NBR_slope": 0.0037862538122323437
    },
    "6": {
      "NDVI": 0.5046085927489462,
      "B11": 0.03099893331960865,
      "B12": -0.022726174048546502,
      "NDVI_median": 0.40696610684862766,
      "B11_median": 0.05016588874081562,
      "B12_median": 0.0014170278184569562,
      "BSI_median": 0.14182243419338186,
      "NDMI_median": -0.03563448991178833,
      "NDVI_var": 0.0021469607852931403,
      "NDMI_var": 0.001492632033394523,
      "NBR_slope": -0.00470117704332619
    },
    "7": {
      "NDVI": -1.060420052571709,
      "B11": -1.9850192071632125,
      "B12": -1.300823705780424,
      "NDVI_median": -1.044430545899944,
      "B11_median": -2.295602542246942,
      "B12_median": -1.4325244643464807,
      "BSI_median": -1.3982029241418945,
      "NDMI_median": -0.1310170778502529,
      "NDVI_var": 0.01965083213394046,
      "NDMI_var": 0.027566256484924487,
      "NBR_slope": 0.005074313700727504
    }
  },
  "excavated_metacluster": 1,
  "metacluster_stats": {
    "0": {
      "excavation_score": -5.322793506712561
    },
    "1": {
      "excavation_score": -0.7533563326591239
    }
  }
}