{
  "cluster_labels": {
    "0": 0,
    "1": 1,
    "2": 0,
    "3": 1,
    "4": 0,
    "5": 0
  },
  "centroids": {
    "0": {  
      "NDVI": 0.21360870731764406,
      "B11": -0.22536102691577947,
      "B12": -0.21075396424069415,
      "NDVI_median": 0.3512928422083485,
      "B11_median": -0.4236868146982004,
      "B12_median": -0.40198843363359404,
      "BSI_median": -0.14002647314205427,
      "NDVI_var": 0.20441236427408022,
      "NBR_slope": -0.48383655855621155
    },
    "1": {
      "NDVI": -0.7493023002064451,
      "B11": 0.19101112686655902,
      "B12": 0.31312406122260805,
      "NDVI_median": -0.7803919269672217,
      "B11_median": 0.2717189942888245,
      "B12_median": 0.3964073854528277,
      "BSI_median": 0.7671379631949239,
      "NDVI_var": -0.5007136272855737,
      "NBR_slope": -0.12612689902969643
    },
    "2": {
      "NDVI": 1.2078337032799888,
      "B11": -1.0065851089293132,
      "B12": -1.0977885946917407,
      "NDVI_median": 1.3170872996420546,
      "B11_median": -1.1120989990960328,
      "B12_median": -1.1982576226405504,
      "BSI_median": -1.3794444864086448,
      "NDVI_var": 0.03487788291398562,
      "NBR_slope": -0.1471220148218529
    },
    "3": {
      "NDVI": -0.9870961049324728,
      "B11": 1.390234842288719,
      "B12": 1.395894036796539,
      "NDVI_median": -1.041790142404999,
      "B11_median": 1.4244375113625747,
      "B12_median": 1.3944876889321647,
      "BSI_median": 0.9306630642288263,
      "NDVI_var": -0.5515613886713912,
      "NBR_slope": 0.02349752414837565
    },
    "4": {
      "NDVI": 1.2114460176961255,
      "B11": -0.7972292642610587,
      "B12": -0.9685809785107229,
      "NDVI_median": 1.3062205143328733,
      "B11_median": -0.8219597394907578,
      "B12_median": -1.0325582092240213,
      "BSI_median": -1.4837508159411443,
      "NDVI_var": 2.9867272611904028,
      "NBR_slope": -0.20034994365480766
    },
    "5": {
      "NDVI": 0.6403946488203052,
      "B11": -0.5195266407854401,
      "B12": -0.6367377778607544,
      "NDVI_median": 0.17865729530341165,
      "B11_median": -0.10204846938878023,
      "B12_median": -0.13090518780769958,
      "BSI_median": -0.04140091694889771,
      "NDVI_var": 0.3097481212044147,
      "NBR_slope": 2.2040442123154573
    }
  },
  "metacluster_stats": {
    "0": {
      "mean_NDVI": 0.8183207692785158
    },
    "1": {
      "mean_NDVI": -0.8681992025694589
    }
  },
  "excavated_metacluster": 1
}