{
  "cluster_labels": {
    "0": 0,
    "1": 0,
    "2": 0,
    "3": 0,
    "4": 1,
    "5": 0,
    "6": 0,
    "7": 1
  },
  "centroids": {
    "0": {
      "NDVI": 0.8898270543415041,
      "B11": -0.7678058798160099,
      "B12": -0.7814070103178652,
      "NDVI_median": 0.8290067639733154,
      "B11_median": -0.6869415552450933,
      "B12_median": -0.7563127204573341,
      "BSI_median": -1.0475117567584253,
      "NDMI_median": 1.0665966099222082,
      "NDVI_var": 0.009472790789839229,
      "NDMI_var": 0.0002789307949447291,
      "NBR_slope": 0.003928133743296392
    },
    "1": {
      "NDVI": -0.22839570912543083,
      "B11": 0.0011877104155609726,
      "B12": 0.09331856216404417,
      "NDVI_median": -0.23170914356565686,
      "B11_median": -0.04224848053531036,
      "B12_median": 0.05765343239446784,
      "BSI_median": 0.21699451335491562,
      "NDMI_median": -0.23041399940969565,
      "NDVI_var": -0.0008891714797054804,
      "NDMI_var": 0.002911921203712652,
      "NBR_slope": -0.008720497085784056
    },
    "2": {
      "NDVI": -0.28987887722825884,
      "B11": 0.4853032377018695,
      "B12": 0.4365545404046999,
      "NDVI_median": -0.32099837526836583,
      "B11_median": 0.49393651208035794,
      "B12_median": 0.4363857080430186,
      "BSI_median": 0.28756997043875143,
      "NDMI_median": -0.2754444982685307,
      "NDVI_var": -0.0012818791471377313,
      "NDMI_var": 0.0013094499844253848,
      "NBR_slope": 0.01466295324453755
    },
    "3": {
      "NDVI": 0.5321915104213784,
      "B11": -0.34292069575653134,
      "B12": -0.36555729300608786,
      "NDVI_median": 0.5730888385438575,
      "B11_median": -0.47246146745648543,
      "B12_median": -0.4979676002745849,
      "BSI_median": -0.6396830144839629,
      "NDMI_median": 0.6389386794940242,
      "NDVI_var": 0.007505451854056732,
      "NDMI_var": 0.0030293192676758276,
      "NBR_slope": -0.011904541154846656
    },
    "4": {
      "NDVI": -0.4106242085284871,
      "B11": 0.94506312043334,
      "B12": 0.8189683309225185,
      "NDVI_median": -0.42538414733016844,
      "B11_median": 0.967205402897026,
      "B12_median": 0.8153351107133886,
      "BSI_median": 0.3573639595253615,
      "NDMI_median": -0.320505101011023,
      "NDVI_var": -0.001923647722013938,
      "NDMI_var": 0.00035598884215706653,
      "NBR_slope": 0.008315310170764046
    },
    "5": {
      "NDVI": -0.18579191021256475,
      "B11": -1.1221638720937477,
      "B12": -0.7883279273706133,
      "NDVI_median": -0.18925426556918956,
      "B11_median": 0.17653532250672108,
      "B12_median": 0.13931908068902965,
      "BSI_median": 0.09254597639781151,
      "NDMI_median": -0.07989983028834352,
      "NDVI_var": 0.0018425880520568803,
      "NDMI_var": 0.0042331223449166054,
      "NBR_slope": 0.06536860706003096
    },
    "6": {
      "NDVI": 0.31423044469041816,
      "B11": -0.031471279780090664,
      "B12": -0.09276318149593851,
      "NDVI_median": 0.2119241142616407,
      "B11_median": -0.06703549493345662,
      "B12_median": -0.10521974932622692,
      "BSI_median": -0.18324299495703453,
      "NDMI_median": 0.15905903371415256,
      "NDVI_var": 0.005604475043827344,
      "NDMI_var": 0.003009408402412486,
      "NBR_slope": 0.007223052051961519
    },
    "7": {
      "NDVI": -0.42302292743889697,
      "B11": 1.8791446071585696,
      "B12": 1.6839542936594725,
      "NDVI_median": -0.4031849295677847,
      "B11_median": 1.6696142792229525,
      "B12_median": 1.442999937562533,
      "BSI_median": 0.22463243623004772,
      "NDMI_median": -0.18143508034079453,
      "NDVI_var": -0.0005530395218884361,
      "NDMI_var": 0.0010645969929924197,
      "NBR_slope": 0.02096452188294593
    }
  },
  "excavated_metacluster": 1,
  "metacluster_stats": {
    "0": {
      "excavation_score": -1.2073522075300644
    },
    "1": {
      "excavation_score": 2.5370587615118496
    }
  }
}