{
  "cluster_labels": {
    "0": 0,
    "1": 1,
    "2": 0,
    "3": 0,
    "4": 1,
    "5": 0
  },
  "centroids": {
    "0": {
      "NDVI": -0.1408665644955967,
      "B11": -0.9180679944915536,
      "B12": -0.6267407370100797,
      "NDVI_median": -0.15820326542216673,
      "B11_median": -0.057367155431397775,
      "B12_median": -0.014434769991240087,
      "BSI_median": 0.08435662270843461,
      "NDMI_median": -0.09308977842407512,
      "NDVI_var": 0.002029558191915469,
      "NDMI_var": 0.004619260388271013,
      "NBR_slope": 0.04186571520870092
    },
    "1": {
      "NDVI": -0.422020144497037,
      "B11": 1.6416092309821946,
      "B12": 1.4483211684753956,
      "NDVI_median": -0.41537897744850133,
      "B11_median": 1.5114670449250023,
      "B12_median": 1.2864506792353438,
      "BSI_median": 0.26397529079967996,
      "NDMI_median": -0.22308393364633794,
      "NDVI_var": -0.0010528902756033716,
      "NDMI_var": 0.0008432633856810832,
      "NBR_slope": 0.016032768618316713
    },
    "2": {
      "NDVI": 0.41873873385171023,
      "B11": -0.1343567648408462,
      "B12": -0.1897996500887998,
      "NDVI_median": 0.37937614401788095,
      "B11_median": -0.232564015291142,
      "B12_median": -0.26959154968469506,
      "BSI_median": -0.3797112988476552,
      "NDMI_median": 0.36654304647380714,
      "NDVI_var": 0.006837859874562653,
      "NDMI_var": 0.0032145022374332026,
      "NBR_slope": -0.0013548416606045145
    },
    "3": {
      "NDVI": 0.8370980619471806,
      "B11": -0.7116168063974571,
      "B12": -0.7246030988035616,
      "NDVI_median": 0.7933447957515041,
      "B11_median": -0.6643362892290303,
      "B12_median": -0.7234464859648144,
      "BSI_median": -0.9888162315379908,
      "NDMI_median": 1.004111234100698,
      "NDVI_var": 0.009084851599404456,
      "NDMI_var": 0.0006974859014397684,
      "NBR_slope": 0.000915805026248862
    },
    "4": {
      "NDVI": -0.36550762561962086,
      "B11": 0.6971537380847322,
      "B12": 0.616657774905486,
      "NDVI_median": -0.38657631825590016,
      "B11_median": 0.7259115325262369,
      "B12_median": 0.6260911708978824,
      "BSI_median": 0.3383455844622403,
      "NDMI_median": -0.3134385138376777,
      "NDVI_var": -0.001724857120960435,
      "NDMI_var": 0.0007046715492350518,
      "NBR_slope": 0.011007391687103147
    },
    "5": {
      "NDVI": -0.15614643605324108,
      "B11": 0.14090229864988307,
      "B12": 0.16386408118561585,
      "NDVI_median": -0.18312915694350562,
      "B11_median": 0.0977473283618395,
      "B12_median": 0.1297463576800403,
      "BSI_median": 0.1745175295384431,
      "NDMI_median": -0.18343159140633453,
      "NDVI_var": -0.0001381159107564649,
      "NDMI_var": 0.00247994734442296,
      "NBR_slope": 0.0006993568748848884
    }
  },
  "metacluster_stats": {
    "0": {
      "excavation_score": 2.6824523354322944
    },
    "1": {
      "excavation_score": -1.0937333608765347
    }
  },
  "excavated_metacluster": 0
}